<?xml version="1.0" encoding="UTF-8"?>
<project-private xmlns="http://www.netbeans.org/ns/project-private/1">
    <editor-bookmarks xmlns="http://www.netbeans.org/ns/editor-bookmarks/2" lastBookmarkId="0"/>
    <open-files xmlns="http://www.netbeans.org/ns/projectui-open-files/2">
        <group>
            <file>file:/C:/Users/dfabi/Desktop/Parcial2AEDII/src/Especificion_Grafos/MapDeMap.java</file>
            <file>file:/C:/Users/dfabi/Desktop/Parcial2AEDII/src/Actividad_6_7/HashMap.java</file>
        </group>
    </open-files>
</project-private>
